UNEXPOSED_EXPR,32
DECL_REF_EXPR,33
MEMBER_REF_EXPR,34
CALL_EXPR,35
BLOCK_EXPR,36
INTEGER_LITERAL,37
FLOATING_LITERAL,37
IMAGINARY_LITERAL,37
STRING_LITERAL,40
CHARACTER_LITERAL,41
PAREN_EXPR,42
UNARY_OPERATOR,43
ARRAY_SUBSCRIPT_EXPR,44
BINARY_OPERATOR,45
COMPOUND_ASSIGNMENT_OPERATOR,46
CONDITIONAL_OPERATOR,47
CSTYLE_CAST_EXPR,48
COMPOUND_LITERAL_EXPR,49
INIT_LIST_EXPR,50
ADDR_LABEL_EXPR,51
GENERIC_SELECTION_EXPR,52
GNU_NULL_EXPR,53
CXX_STATIC_CAST_EXPR,54
CXX_DYNAMIC_CAST_EXPR,55
CXX_REINTERPRET_CAST_EXPR,56
CXX_CONST_CAST_EXPR,57
CXX_FUNCTIONAL_CAST_EXPR,58
CXX_TYPEID_EXPR,59
CXX_BOOL_LITERAL_EXPR,60
CXX_NULL_PTR_LITERAL_EXPR,61
CXX_THIS_EXPR,62
CXX_THROW_EXPR,63
CXX_NEW_EXPR,64
CXX_DELETE_EXPR,65
CXX_UNARY_EXPR,66
PACK_EXPANSION_EXPR,67
SIZE_OF_PACK_EXPR,68
LAMBDA_EXPR,69
UNEXPOSED_STMT,70
LABEL_STMT,71
COMPOUND_STMT,72
CASE_STMT,73
DEFAULT_STMT,74
IF_STMT,75
SWITCH_STMT,76
WHILE_STMT,77
DO_STMT,78
FOR_STMT,79
GOTO_STMT,80
INDIRECT_GOTO_STMT,81
CONTINUE_STMT,82
BREAK_STMT,83
RETURN_STMT,84
ASM_STMT,85
CXX_CATCH_STMT,86
CXX_TRY_STMT,87
CXX_FOR_RANGE_STMT,88
NULL_STMT,89
DECL_STMT,90
TRANSLATION_UNIT,91
MODULE_IMPORT_DECL,92
TYPE_ALIAS_TEMPLATE_DECL,93
FRIEND_DECL,94
UNEXPOSED_DECL,95
STRUCT_DECL,96
UNION_DECL,97
CLASS_DECL,98
ENUM_DECL,99
FIELD_DECL,100
ENUM_CONSTANT_DECL,101
FUNCTION_DECL,102
VAR_DECL,103
PARM_DECL,104
TYPEDEF_DECL,105
CXX_METHOD,106
NAMESPACE,107
LINKAGE_SPEC,108
CONSTRUCTOR,109
DESTRUCTOR,110
CONVERSION_FUNCTION,111
TYPE_ALIAS_DECL,112
CXX_ACCESS_SPEC_DECL,113
TYPE_REF,114
CXX_BASE_SPECIFIER,115
TEMPLATE_REF,116
NAMESPACE_REF,117
MEMBER_REF,118
LABEL_REF,119
OVERLOADED_DECL_REF,120
VARIABLE_REF,121
